id,chrom,pos
0,tig00000001_polypolish,61071
0,tig00000001_polypolish,61246
1,tig00000001_polypolish,736901
1,tig00000001_polypolish,739121
2,tig00000001_polypolish,1103991
3,tig00000001_polypolish,1172377
3,tig00000001_polypolish,1199993
3,tig00000001_polypolish,1197895
3,tig00000001_polypolish,1199993
4,tig00000001_polypolish,2495635
4,tig00000001_polypolish,2518825
4,tig00000001_polypolish,2518695
4,tig00000001_polypolish,2525221
5,tig00000002_polypolish,612044
5,tig00000002_polypolish,612058
5,tig00000002_polypolish,612058
5,tig00000002_polypolish,612069
5,tig00000002_polypolish,612084
6,tig00000002_polypolish,1393799
6,tig00000002_polypolish,1398986